{
   "schemaLocation":"http://www.fatwire.com/schema/rest/1.0 https://vdlsyficmapda01.cpu.syfbank.com:7002/cs/schema/rest-api.xsd",
   "total":4,
   "startindex":0,
   "count":4,
   "assetinfo":[
      {
         "id":"Hub_WhitePaper_C:1429920578568",
         "href":"https://vdlsyficmapda01.cpu.syfbank.com:7002/cs/REST/sites/ContentHub/types/Hub_WhitePaper_C/assets/1429920578568",
         "fieldinfo":[
            {
               "fieldname":"name",
               "data":"WhitePaper2"
            },
            {
               "fieldname":"description",
               "data":""
            }
         ]
      },
      {
         "id":"Hub_WhitePaper_C:1429920648391",
         "href":"https://vdlsyficmapda01.cpu.syfbank.com:7002/cs/REST/sites/ContentHub/types/Hub_WhitePaper_C/assets/1429920648391",
         "fieldinfo":[
            {
               "fieldname":"name",
               "data":"WhitePaper3"
            },
            {
               "fieldname":"description",
               "data":""
            }
         ]
      },
      {
         "id":"Hub_WhitePaper_C:1429920578322",
         "href":"https://vdlsyficmapda01.cpu.syfbank.com:7002/cs/REST/sites/ContentHub/types/Hub_WhitePaper_C/assets/1429920578322",
         "fieldinfo":[
            {
               "fieldname":"name",
               "data":"WhitePaper1"
            },
            {
               "fieldname":"description",
               "data":""
            }
         ]
      },
      {
         "id":"Hub_WhitePaper_C:1429920691300",
         "href":"https://vdlsyficmapda01.cpu.syfbank.com:7002/cs/REST/sites/ContentHub/types/Hub_WhitePaper_C/assets/1429920691300",
         "fieldinfo":[
            {
               "fieldname":"name",
               "data":"WhitePaper4"
            },
            {
               "fieldname":"description",
               "data":""
            }
         ]
      }
   ]
}