{
   "schemaLocation":"http://www.fatwire.com/schema/rest/1.0 https://vdlsyficmapda01.cpu.syfbank.com:7002/cs/schema/rest-api.xsd",
   "total":3,
   "startindex":0,
   "count":3,
   "assetinfo":[
      {
         "id":"Hub_NewsPost_C:1429920489198",
         "href":"https://vdlsyficmapda01.cpu.syfbank.com:7002/cs/REST/sites/ContentHub/types/Hub_NewsPost_C/assets/1429920489198",
         "fieldinfo":[
            {
               "fieldname":"name",
               "data":"NewsPost3"
            },
            {
               "fieldname":"description",
               "data":""
            }
         ]
      },
      {
         "id":"Hub_NewsPost_C:1429920489301",
         "href":"https://vdlsyficmapda01.cpu.syfbank.com:7002/cs/REST/sites/ContentHub/types/Hub_NewsPost_C/assets/1429920489301",
         "fieldinfo":[
            {
               "fieldname":"name",
               "data":"NewsPost5"
            },
            {
               "fieldname":"description",
               "data":""
            }
         ]
      },
      {
         "id":"Hub_NewsPost_C:1429920704373",
         "href":"https://vdlsyficmapda01.cpu.syfbank.com:7002/cs/REST/sites/ContentHub/types/Hub_NewsPost_C/assets/1429920704373",
         "fieldinfo":[
            {
               "fieldname":"name",
               "data":"Newspost_Index"
            },
            {
               "fieldname":"description",
               "data":""
            }
         ]
      }
   ]
}