{
   "schemaLocation":"http://www.fatwire.com/schema/rest/1.0 https://vdlsyficmapda01.cpu.syfbank.com:7002/cs/schema/rest-api.xsd",
   "total":2,
   "startindex":0,
   "count":2,
   "assetinfo":[
      {
         "id":"Hub_NewsPost_C:1429920489096",
         "href":"https://vdlsyficmapda01.cpu.syfbank.com:7002/cs/REST/sites/ContentHub/types/Hub_NewsPost_C/assets/1429920489096",
         "fieldinfo":[
            {
               "fieldname":"name",
               "data":"NewsPost2"
            },
            {
               "fieldname":"description",
               "data":""
            }
         ]
      },
      {
         "id":"Hub_NewsPost_C:1429920489249",
         "href":"https://vdlsyficmapda01.cpu.syfbank.com:7002/cs/REST/sites/ContentHub/types/Hub_NewsPost_C/assets/1429920489249",
         "fieldinfo":[
            {
               "fieldname":"name",
               "data":"NewsPost4"
            },
            {
               "fieldname":"description",
               "data":""
            }
         ]
      }
   ]
}