{
   "schemaLocation":"http://www.fatwire.com/schema/rest/1.0 https://vdlsyficmapda01.cpu.syfbank.com:7002/cs/schema/rest-api.xsd",
   "total":5,
   "startindex":0,
   "count":5,
   "assetinfo":[
      {
         "id":"Hub_Downloadable_C:1429920500109",
         "href":"https://vdlsyficmapda01.cpu.syfbank.com:7002/cs/REST/sites/ContentHub/types/Hub_Downloadable_C/assets/1429920500109",
         "fieldinfo":[
            {
               "fieldname":"name",
               "data":"Downloadable_01"
            },
            {
               "fieldname":"description",
               "data":""
            }
         ]
      },
      {
         "id":"Hub_Downloadable_C:1429920500353",
         "href":"https://vdlsyficmapda01.cpu.syfbank.com:7002/cs/REST/sites/ContentHub/types/Hub_Downloadable_C/assets/1429920500353",
         "fieldinfo":[
            {
               "fieldname":"name",
               "data":"Downloadable_02"
            },
            {
               "fieldname":"description",
               "data":""
            }
         ]
      },
      {
         "id":"Hub_Downloadable_C:1429920500401",
         "href":"https://vdlsyficmapda01.cpu.syfbank.com:7002/cs/REST/sites/ContentHub/types/Hub_Downloadable_C/assets/1429920500401",
         "fieldinfo":[
            {
               "fieldname":"name",
               "data":"Downloadable_03"
            },
            {
               "fieldname":"description",
               "data":""
            }
         ]
      },
      {
         "id":"Hub_Downloadable_C:1429920500450",
         "href":"https://vdlsyficmapda01.cpu.syfbank.com:7002/cs/REST/sites/ContentHub/types/Hub_Downloadable_C/assets/1429920500450",
         "fieldinfo":[
            {
               "fieldname":"name",
               "data":"Downloadable_04"
            },
            {
               "fieldname":"description",
               "data":""
            }
         ]
      },
      {
         "id":"Hub_Downloadable_C:1429920500500",
         "href":"https://vdlsyficmapda01.cpu.syfbank.com:7002/cs/REST/sites/ContentHub/types/Hub_Downloadable_C/assets/1429920500500",
         "fieldinfo":[
            {
               "fieldname":"name",
               "data":"Downloadable_05"
            },
            {
               "fieldname":"description",
               "data":""
            }
         ]
      }
   ]
}