{
   "schemaLocation":"http://www.fatwire.com/schema/rest/1.0 https://vdlsyficmapda01.cpu.syfbank.com:7002/cs/schema/rest-api.xsd",
   "total":2,
   "startindex":0,
   "count":2,
   "assetinfo":[
      {
         "id":"Hub_Event_C:1429920485879",
         "href":"https://vdlsyficmapda01.cpu.syfbank.com:7002/cs/REST/sites/ContentHub/types/Hub_Event_C/assets/1429920485879",
         "fieldinfo":[
            {
               "fieldname":"name",
               "data":"Event02"
            },
            {
               "fieldname":"description",
               "data":""
            }
         ]
      },
      {
         "id":"Hub_Event_C:1429920485976",
         "href":"https://vdlsyficmapda01.cpu.syfbank.com:7002/cs/REST/sites/ContentHub/types/Hub_Event_C/assets/1429920485976",
         "fieldinfo":[
            {
               "fieldname":"name",
               "data":"Event03"
            },
            {
               "fieldname":"description",
               "data":""
            }
         ]
      }
   ]
}