{
   "schemaLocation":"http://www.fatwire.com/schema/rest/1.0 https://vdlsyficmapda01.cpu.syfbank.com:7002/cs/schema/rest-api.xsd",
   "total":6,
   "startindex":0,
   "count":6,
   "assetinfo":[
      {
         "id":"Hub_Video_C:1429920561510",
         "href":"https://vdlsyficmapda01.cpu.syfbank.com:7002/cs/REST/sites/ContentHub/types/Hub_Video_C/assets/1429920561510",
         "fieldinfo":[
            {
               "fieldname":"name",
               "data":"VideoSection1"
            },
            {
               "fieldname":"description",
               "data":""
            }
         ]
      },
      {
         "id":"Hub_Video_C:1429920561638",
         "href":"https://vdlsyficmapda01.cpu.syfbank.com:7002/cs/REST/sites/ContentHub/types/Hub_Video_C/assets/1429920561638",
         "fieldinfo":[
            {
               "fieldname":"name",
               "data":"VideoSection02"
            },
            {
               "fieldname":"description",
               "data":""
            }
         ]
      },
      {
         "id":"Hub_Video_C:1429920565470",
         "href":"https://vdlsyficmapda01.cpu.syfbank.com:7002/cs/REST/sites/ContentHub/types/Hub_Video_C/assets/1429920565470",
         "fieldinfo":[
            {
               "fieldname":"name",
               "data":"VideoSection3"
            },
            {
               "fieldname":"description",
               "data":""
            }
         ]
      },
      {
         "id":"Hub_Video_C:1429920565509",
         "href":"https://vdlsyficmapda01.cpu.syfbank.com:7002/cs/REST/sites/ContentHub/types/Hub_Video_C/assets/1429920565509",
         "fieldinfo":[
            {
               "fieldname":"name",
               "data":"VideoSection4"
            },
            {
               "fieldname":"description",
               "data":""
            }
         ]
      },
      {
         "id":"Hub_Video_C:1429920565549",
         "href":"https://vdlsyficmapda01.cpu.syfbank.com:7002/cs/REST/sites/ContentHub/types/Hub_Video_C/assets/1429920565549",
         "fieldinfo":[
            {
               "fieldname":"name",
               "data":"VideoSection5"
            },
            {
               "fieldname":"description",
               "data":""
            }
         ]
      },
      {
         "id":"Hub_Video_C:1429920658850",
         "href":"https://vdlsyficmapda01.cpu.syfbank.com:7002/cs/REST/sites/ContentHub/types/Hub_Video_C/assets/1429920658850",
         "fieldinfo":[
            {
               "fieldname":"name",
               "data":"VideoSecion6"
            },
            {
               "fieldname":"description",
               "data":""
            }
         ]
      }
   ]
}