{
	"schemaLocation": "http://www.fatwire.com/schema/rest/1.0 https://vdlsyficmapda01.cpu.syfbank.com:7002/cs/schema/rest-api.xsd",
	"id": "Hub_PageBlock_C:1429920634252",
	"name": "ContentImage1",
	"createdby": "spoorthy.shetty",
	"createddate": "2018-09-05T10:15:43.930Z",
	"description": "",
	"publist": ["ContentHub"],
	"status": "ED",
	"subtype": "Hub_ContentImage",
	"updatedby": "spoorthy.shetty",
	"updateddate": "2018-10-08T06:34:07.663Z",
	"attribute": [{
		"name": "startdate",
		"data": null
	}, {
		"name": "enddate",
		"data": null
	}, {
		"name": "filename",
		"data": {
			"stringValue": ""
		}
	}, {
		"name": "path",
		"data": {
			"stringValue": ""
		}
	}, {
		"name": "template",
		"data": {
			"stringValue": "Hub_ContentImageLayout"
		}
	}, {
		"name": "urlexternaldoc",
		"data": null
	}, {
		"name": "externaldoctype",
		"data": {
			"stringValue": ""
		}
	}, {
		"name": "urlexternaldocxml",
		"data": null
	}, {
		"name": "fw_uid",
		"data": {
			"stringValue": "a24186d0-84c2-4265-95b6-73bb9adaa941"
		}
	}, {
		"name": "id",
		"data": {
			"longValue": 1429920634252
		}
	}, {
		"name": "SegRating",
		"data": null
	}, {
		"name": "fwtags",
		"data": null
	}, {
		"name": "Webreference",
		"data": null
	}, {
		"name": "flextemplateid",
		"data": {
			"stringValue": "Hub_PageBlock_D:1429920633811"
		}
	}, {
		"name": "Relationships",
		"data": null
	}, {
		"name": "ImageFile",
		"data": {
			"blobValue": {
				"filename": "573/261/1429920646644 (2).jpg",
				"foldername": "/appdata/sf/Oracle/Middleware/11.1.1.8/shared/ccurl/",
				"filedata": "",
				"href": "https://vdlsyficmapda01.cpu.syfbank.com:7002/cs/BlobServer?blobkey=id&blobnocache=true&blobwhere=1429920691211&blobheadername3=MDT-Type&blobheadername2=Content-Disposition&blobheadername1=Content-Type&blobheadervalue3=abinary%3B+charset%3DUTF-8&blobheadervalue2=attachment%3B+filename%3D%221429920646644%2B%25282%2529.jpg%22%3Bfilename*%3DUTF-8%27%271429920646644%2B%25282%2529.jpg&blobheadervalue1=image%2Fjpeg&blobcol=urldata&blobtable=MungoBlobs"
			}
		}
	}, {
		"name": "Alt",
		"data": {
			"stringValue": "ContentImage1"
		}
	}, {
		"name": "Tooltip",
		"data": {
			"stringValue": "ContentImage1"
		}
	}, {
		"name": "ZoomImage",
		"data": {
			"stringValue": "No"
		}
	}, {
		"name": "ThumbnailWidthTlpx",
		"data": {
			"integerValue": 1400
		}
	}, {
		"name": "ThumbnailHeightTlpx",
		"data": {
			"integerValue": 626
		}
	}, {
		"name": "ImageWidthTlpx",
		"data": {
			"integerValue": 4700
		}
	}, {
		"name": "ImageHeightTlpx",
		"data": {
			"integerValue": 2100
		}
	}, {
		"name": "ThumbnailTlpx",
		"data": {
			"blobValue": {
				"filename": "941/996/1429920691209.jpg",
				"foldername": "/appdata/sf/Oracle/Middleware/11.1.1.8/shared/ccurl/",
				"filedata": "",
				"href": "https://vdlsyficmapda01.cpu.syfbank.com:7002/cs/BlobServer?blobkey=id&blobnocache=true&blobwhere=1429920691212&blobheadername3=MDT-Type&blobheadername2=Content-Disposition&blobheadername1=Content-Type&blobheadervalue3=abinary%3B+charset%3DUTF-8&blobheadervalue2=attachment%3B+filename%3D%221429920691209.jpg%22%3Bfilename*%3DUTF-8%27%271429920691209.jpg&blobheadervalue1=image%2Fjpeg&blobcol=urldata&blobtable=MungoBlobs",
				"webreferences": [{
					"url": "images/tlpx-1429920646644+%282%29.jpg",
					"webroot": "NewSynchronyFinancialAbosluteWebRoot",
					"redirecturl": "",
					"template": "",
					"wrapper": "",
					"autogenerated": true,
					"default": false,
					"httpstatus": 200,
					"createddate": "2018-10-08T06:34:07.663Z",
					"modifiedate": "2018-10-08T06:34:07.663Z",
					"dgroup": "",
					"params": "filename=1429920691209.jpg,content-disposition=attachment",
					"redirectwebroot": ""
				}]
			}
		}
	}, {
		"name": "ThumbnailThpx",
		"data": {
			"blobValue": {
				"filename": "44/95/1429920691208.jpg",
				"foldername": "/appdata/sf/Oracle/Middleware/11.1.1.8/shared/ccurl/",
				"filedata": "",
				"href": "https://vdlsyficmapda01.cpu.syfbank.com:7002/cs/BlobServer?blobkey=id&blobnocache=true&blobwhere=1429920691213&blobheadername3=MDT-Type&blobheadername2=Content-Disposition&blobheadername1=Content-Type&blobheadervalue3=abinary%3B+charset%3DUTF-8&blobheadervalue2=attachment%3B+filename%3D%221429920691208.jpg%22%3Bfilename*%3DUTF-8%27%271429920691208.jpg&blobheadervalue1=image%2Fjpeg&blobcol=urldata&blobtable=MungoBlobs",
				"webreferences": [{
					"url": "images/thpx-1429920646644+%282%29.jpg",
					"webroot": "NewSynchronyFinancialAbosluteWebRoot",
					"redirecturl": "",
					"template": "",
					"wrapper": "",
					"autogenerated": true,
					"default": false,
					"httpstatus": 200,
					"createddate": "2018-10-08T06:34:07.663Z",
					"modifiedate": "2018-10-08T06:34:07.663Z",
					"dgroup": "",
					"params": "filename=1429920691208.jpg,content-disposition=attachment",
					"redirectwebroot": ""
				}]
			}
		}
	}, {
		"name": "ThumbnailWidthThpx",
		"data": {
			"integerValue": 2800
		}
	}, {
		"name": "ImageWidthThpx",
		"data": {
			"integerValue": 4700
		}
	}, {
		"name": "ImageHeightThpx",
		"data": {
			"integerValue": 2100
		}
	}, {
		"name": "ThumbnailHeightThpx",
		"data": {
			"integerValue": 1251
		}
	}, {
		"name": "ThumbnailWidthMlpx",
		"data": {
			"integerValue": 1550
		}
	}, {
		"name": "ThumbnailMlpx",
		"data": {
			"blobValue": {
				"filename": "171/217/1429920691207.jpg",
				"foldername": "/appdata/sf/Oracle/Middleware/11.1.1.8/shared/ccurl/",
				"filedata": "",
				"href": "https://vdlsyficmapda01.cpu.syfbank.com:7002/cs/BlobServer?blobkey=id&blobnocache=true&blobwhere=1429920691214&blobheadername3=MDT-Type&blobheadername2=Content-Disposition&blobheadername1=Content-Type&blobheadervalue3=abinary%3B+charset%3DUTF-8&blobheadervalue2=attachment%3B+filename%3D%221429920691207.jpg%22%3Bfilename*%3DUTF-8%27%271429920691207.jpg&blobheadervalue1=image%2Fjpeg&blobcol=urldata&blobtable=MungoBlobs",
				"webreferences": [{
					"url": "images/mlpx-1429920646644+%282%29.jpg",
					"webroot": "NewSynchronyFinancialAbosluteWebRoot",
					"redirecturl": "",
					"template": "",
					"wrapper": "",
					"autogenerated": true,
					"default": false,
					"httpstatus": 200,
					"createddate": "2018-10-08T06:34:07.663Z",
					"modifiedate": "2018-10-08T06:34:07.663Z",
					"dgroup": "",
					"params": "filename=1429920691207.jpg,content-disposition=attachment",
					"redirectwebroot": ""
				}]
			}
		}
	}, {
		"name": "ThumbnailHeightMlpx",
		"data": {
			"integerValue": 693
		}
	}, {
		"name": "ImageWidthMlpx",
		"data": {
			"integerValue": 4700
		}
	}, {
		"name": "ImageHeightMlpx",
		"data": {
			"integerValue": 2100
		}
	}, {
		"name": "CopyTemplate",
		"data": {
			"stringValue": "Hub_ContentImageLayout"
		}
	}, {
		"name": "CopyDefinition",
		"data": {
			"stringValue": "Hub_ContentImage"
		}
	}, {
		"name": "ThumbnailWidthDhpx",
		"data": {
			"integerValue": 4700
		}
	}, {
		"name": "ThumbnailHeightDhpx",
		"data": {
			"integerValue": 2100
		}
	}, {
		"name": "ImageWidthDhpx",
		"data": {
			"integerValue": 4700
		}
	}, {
		"name": "ImageHeightDhpx",
		"data": {
			"integerValue": 2100
		}
	}, {
		"name": "ThumbnailDhpx",
		"data": {
			"blobValue": {
				"filename": "425/461/1429920691205.jpg",
				"foldername": "/appdata/sf/Oracle/Middleware/11.1.1.8/shared/ccurl/",
				"filedata": "",
				"href": "https://vdlsyficmapda01.cpu.syfbank.com:7002/cs/BlobServer?blobkey=id&blobnocache=true&blobwhere=1429920691216&blobheadername3=MDT-Type&blobheadername2=Content-Disposition&blobheadername1=Content-Type&blobheadervalue3=abinary%3B+charset%3DUTF-8&blobheadervalue2=attachment%3B+filename%3D%221429920691205.jpg%22%3Bfilename*%3DUTF-8%27%271429920691205.jpg&blobheadervalue1=image%2Fjpeg&blobcol=urldata&blobtable=MungoBlobs",
				"webreferences": [{
					"url": "images/dhpx-1429920646644+%282%29.jpg",
					"webroot": "NewSynchronyFinancialAbosluteWebRoot",
					"redirecturl": "",
					"template": "",
					"wrapper": "",
					"autogenerated": true,
					"default": false,
					"httpstatus": 200,
					"createddate": "2018-10-08T06:34:07.663Z",
					"modifiedate": "2018-10-08T06:34:07.663Z",
					"dgroup": "",
					"params": "filename=1429920691205.jpg",
					"redirectwebroot": ""
				}]
			}
		}
	}, {
		"name": "ThumbnailWidthMhpx",
		"data": {
			"integerValue": 3100
		}
	}, {
		"name": "ThumbnailHeightMhpx",
		"data": {
			"integerValue": 1385
		}
	}, {
		"name": "ImageWidthMhpx",
		"data": {
			"integerValue": 4700
		}
	}, {
		"name": "ImageHeightMhpx",
		"data": {
			"integerValue": 2100
		}
	}, {
		"name": "ThumbnailMhpx",
		"data": {
			"blobValue": {
				"filename": "298/339/1429920691206.jpg",
				"foldername": "/appdata/sf/Oracle/Middleware/11.1.1.8/shared/ccurl/",
				"filedata": "",
				"href": "https://vdlsyficmapda01.cpu.syfbank.com:7002/cs/BlobServer?blobkey=id&blobnocache=true&blobwhere=1429920691215&blobheadername3=MDT-Type&blobheadername2=Content-Disposition&blobheadername1=Content-Type&blobheadervalue3=abinary%3B+charset%3DUTF-8&blobheadervalue2=attachment%3B+filename%3D%221429920691206.jpg%22%3Bfilename*%3DUTF-8%27%271429920691206.jpg&blobheadervalue1=image%2Fjpeg&blobcol=urldata&blobtable=MungoBlobs",
				"webreferences": [{
					"url": "images/mhpx-1429920646644+%282%29.jpg",
					"webroot": "NewSynchronyFinancialAbosluteWebRoot",
					"redirecturl": "",
					"template": "",
					"wrapper": "",
					"autogenerated": true,
					"default": false,
					"httpstatus": 200,
					"createddate": "2018-10-08T06:34:07.663Z",
					"modifiedate": "2018-10-08T06:34:07.663Z",
					"dgroup": "",
					"params": "filename=1429920691206.jpg,content-disposition=attachment",
					"redirectwebroot": ""
				}]
			}
		}
	}, {
		"name": "ImageWidthDlpx",
		"data": {
			"integerValue": 4700
		}
	}, {
		"name": "ThumbnailWidthDlpx",
		"data": {
			"integerValue": 2350
		}
	}, {
		"name": "ThumbnailHeightDlpx",
		"data": {
			"integerValue": 1050
		}
	}, {
		"name": "ThumbnailDlpx",
		"data": {
			"blobValue": {
				"filename": "552/583/1429920691204.jpg",
				"foldername": "/appdata/sf/Oracle/Middleware/11.1.1.8/shared/ccurl/",
				"filedata": "",
				"href": "https://vdlsyficmapda01.cpu.syfbank.com:7002/cs/BlobServer?blobkey=id&blobnocache=true&blobwhere=1429920691217&blobheadername3=MDT-Type&blobheadername2=Content-Disposition&blobheadername1=Content-Type&blobheadervalue3=abinary%3B+charset%3DUTF-8&blobheadervalue2=attachment%3B+filename%3D%221429920691204.jpg%22%3Bfilename*%3DUTF-8%27%271429920691204.jpg&blobheadervalue1=image%2Fjpeg&blobcol=urldata&blobtable=MungoBlobs",
				"webreferences": [{
					"url": "images/dlpx-1429920646644+%282%29.jpg",
					"webroot": "NewSynchronyFinancialAbosluteWebRoot",
					"redirecturl": "",
					"template": "",
					"wrapper": "",
					"autogenerated": true,
					"default": false,
					"httpstatus": 200,
					"createddate": "2018-10-08T06:34:07.663Z",
					"modifiedate": "2018-10-08T06:34:07.663Z",
					"dgroup": "",
					"params": "filename=1429920691204.jpg,content-disposition=attachment",
					"redirectwebroot": ""
				}]
			}
		}
	}, {
		"name": "ImageHeightDlpx",
		"data": {
			"integerValue": 2100
		}
	}, {
		"name": "renderid",
		"data": null
	}],
	"associations": {
		"href": "https://vdlsyficmapda01.cpu.syfbank.com:7002/cs/REST/sites/ContentHub/types/Hub_PageBlock_C/assets/1429920634252/associations"
	}
}