{
	"schemaLocation": "http://www.fatwire.com/schema/rest/1.0 https://vdlsyficmapda01.cpu.syfbank.com:7002/cs/schema/rest-api.xsd",
	"id": "Page:1429920756723",
	"name": "Copy Of Press Kit_72881... OWCS",
	"createdby": "sagar.singh1",
	"createddate": "2018-11-15T07:39:56.446Z",
	"description": "",
	"publist": ["ContentHub"],
	"status": "ED",
	"subtype": "Hub_PressKitPage",
	"updatedby": "sagar.singh1",
	"updateddate": "2018-11-15T08:07:12.797Z",
	"attribute": [{
		"name": "startdate",
		"data": null
	}, {
		"name": "enddate",
		"data": null
	}, {
		"name": "filename",
		"data": {
			"stringValue": ""
		}
	}, {
		"name": "path",
		"data": {
			"stringValue": ""
		}
	}, {
		"name": "template",
		"data": {
			"stringValue": "Hub_PressKitPageLayout"
		}
	}, {
		"name": "urlexternaldoc",
		"data": null
	}, {
		"name": "externaldoctype",
		"data": {
			"stringValue": ""
		}
	}, {
		"name": "urlexternaldocxml",
		"data": null
	}, {
		"name": "fw_uid",
		"data": {
			"stringValue": "4b97bd03-0d15-4929-a62c-3bf52212e1f4"
		}
	}, {
		"name": "id",
		"data": {
			"longValue": 1429920756723
		}
	}, {
		"name": "SegRating",
		"data": null
	}, {
		"name": "fwtags",
		"data": null
	}, {
		"name": "Webreference",
		"data": {
			"webreferenceList": [{
				"url": "copy-of-press-kit_72881...-owcs.html",
				"webroot": "NewSynchronyFinancialAbosluteWebRoot",
				"redirecturl": "",
				"template": "ContentHub/Page/Hub_PressKitPageLayout",
				"wrapper": "",
				"autogenerated": true,
				"default": false,
				"httpstatus": 200,
				"createddate": "2018-11-15T08:07:12.797Z",
				"modifiedate": "2018-11-15T08:07:12.797Z",
				"dgroup": "Touch",
				"params": "",
				"redirectwebroot": ""
			}]
		}
	}, {
		"name": "category",
		"data": {
			"stringValue": ""
		}
	}, {
		"name": "SPTParent",
		"data": null
	}, {
		"name": "SPTRank",
		"data": {
			"integerValue": 1
		}
	}, {
		"name": "SPTNCode",
		"data": {
			"stringValue": "UnPlaced"
		}
	}, {
		"name": "flextemplateid",
		"data": {
			"stringValue": "PageDefinition:1429920677049"
		}
	}, {
		"name": "Hub_PageTitle",
		"data": {
			"stringValue": "Press Kit"
		}
	}, {
		"name": "Hub_MetaDescription",
		"data": {
			"stringValue": "Press Kit"
		}
	}, {
		"name": "Hub_Keywords",
		"data": {
			"stringValue": "Press Kit"
		}
	}, {
		"name": "Hub_BodyID",
		"data": {
			"stringValue": "press-kit"
		}
	}, {
		"name": "Hub_PageH1Tag",
		"data": {
			"stringValue": "Press Kit"
		}
	}, {
		"name": "Hub_PageName",
		"data": {
			"stringValue": "landing page"
		}
	}, {
		"name": "Hub_PageID",
		"data": {
			"stringValue": "press-kit"
		}
	}, {
		"name": "Hub_ScrollOverlay",
		"data": {
			"stringValue": "No"
		}
	}, {
		"name": "Hub_CreatedDate",
		"data": {
			"dateValue": "2018-09-11T06:03:43.000Z"
		}
	}, {
		"name": "Hub_PDF",
		"data": null
	}, {
		"name": "Hub_PDFTitle",
		"data": null
	}, {
		"name": "Hub_ContentBlock",
		"data": {
			"stringList": ["Hub_PageBlock_C:1429920669226", "Hub_PageBlock_C:1429920634252", "Hub_PageBlock_C:1429920684060", "Hub_PageBlock_C:1429920684099"]
		}
	}, {
		"name": "Hub_EmailSubject",
		"data": {
			"stringValue": "PressKit"
		}
	}, {
		"name": "Hub_EmailBody",
		"data": {
			"stringValue": "PressKit"
		}
	}, {
		"name": "CopyTemplate",
		"data": {
			"stringValue": "Hub_PressKitPageLayout"
		}
	}, {
		"name": "CopyDefinition",
		"data": {
			"stringValue": "Hub_PressKitPage"
		}
	}],
	"associations": {
		"href": "https://vdlsyficmapda01.cpu.syfbank.com:7002/cs/REST/sites/ContentHub/types/Page/assets/1429920756723/associations"
	}
}